Symbol,Prob (AI),Score (Kimi),Price,RSI,Turnover (M),sma50,r_s,r_m,r_l,Verdict,Status
360ONE,0.453,43.84,1138.4,58.4,1692.8,1150.6760034179688,-2.375435361616951,-0.13159048757552805,-0.2191252473049854,PENDING,PENDING
3MINDIA,0.452,59.84,37580.0,75.4,142.9,34956.4,5.074793792814214,11.24925991711072,10.092280650358877,PENDING,PENDING
ABB,0.393,59.64,5825.5,86.0,2009.9,5203.26,1.2250217202432578,15.50510558144147,15.402139461172748,PENDING,PENDING
ACC,0.453,44.85,1698.0,46.6,278.9,1734.6579956054688,0.3486806039353141,0.8133913658321612,-0.5097528224513814,PENDING,PENDING
ACMESOLAR,0.486,50.13,228.74,63.5,165.4,224.2898385620117,0.0925228058667793,5.815132786452271,2.517293252210573,PENDING,PENDING
AIAENG,0.488,47.56,4026.2,65.9,219.6,3901.6279931640624,-1.523787423948264,3.045659333720785,1.8337253938177867,PENDING,PENDING
APLAPOLLO,0.417,64.79,2280.8,90.8,2069.4,1927.2919970703124,4.902957411934139,9.076998987476092,19.739604701885828,PENDING,PENDING
AUBANK,0.487,48.12,990.25,48.4,2316.4,984.8609997558593,0.9480592973381885,2.8991557252417532,-1.7414157576447598,PENDING,PENDING
AWL,0.516,48.59,209.59,51.4,311.8,228.4720004272461,-3.361309655475564,-0.09533197704495455,-4.65381250362692,PENDING,PENDING
AADHARHFC,0.472,47.28,472.6,51.6,171.1,481.57799865722666,0.0,-0.620330515230183,-1.1917168795581135,PENDING,PENDING
AARTIIND,0.487,73.31,467.15,88.4,750.5,377.09200073242187,5.475276661590511,31.36951233923668,30.50704790206684,PENDING,PENDING
AAVAS,0.509,41.63,1309.9,39.5,495.4,1456.6139990234376,-7.766506868754552,-12.26389655632535,-9.774074916762988,PENDING,PENDING
ABBOTINDIA,0.472,43.74,26915.0,42.0,174.3,27996.3,-0.682656826568262,-2.51720391162622,-5.1620859760394655,PENDING,PENDING
ACE,0.417,31.04,912.55,78.7,197.7,909.6090051269531,4.231866109990712,9.747442909557268,2.6663681001293904,PENDING,PENDING
ADANIENSOL,0.441,64.35,1033.8,65.0,1914.6,973.382998046875,4.619746322541607,17.210889889810097,7.620245169956141,PENDING,PENDING
ADANIENT,0.448,47.24,2234.4,63.3,4063.7,2185.5699951171873,0.2782493181823442,12.016842484557767,2.8918678330912773,PENDING,PENDING
ADANIGREEN,0.451,55.34,994.75,63.9,3833.8,967.8139978027343,4.222325661642645,20.8834573444449,5.577370739984855,PENDING,PENDING
ADANIPORTS,0.466,58.15,1553.4,68.4,4594.7,1471.9479956054688,-0.9248038633980382,12.410449162030911,7.613441247943364,PENDING,PENDING
ADANIPOWER,0.483,57.1,150.91,64.8,3108.3,143.1370001220703,-2.8205227724834803,12.01751951804335,5.872043475668409,PENDING,PENDING
ATGL,0.442,42.08,542.25,56.2,342.2,561.9020031738281,-1.211518330894823,2.3402897018820923,-2.6917900403768513,PENDING,PENDING
ABCAPITAL,0.472,47.26,344.25,48.5,1928.9,352.26999938964843,-0.6780167519136682,-1.1627872336808953,-3.096410978184372,PENDING,PENDING
ABFRL,0.475,37.3,70.89,60.3,856.4,72.9929995727539,2.9779244055965437,8.543870830876266,-4.6023392293192185,PENDING,PENDING
ABLBL,0.502,46.81,115.24,51.9,286.2,119.48540008544921,-0.9965667069613326,11.235520811861832,-1.915056635381751,PENDING,PENDING
ABREL,0.468,50.55,1442.4,58.4,418.2,1554.2400024414062,18.345911275678773,10.461017803493533,-8.08640925671449,PENDING,PENDING
ABSLAMC,0.451,49.02,860.85,73.8,265.1,788.8810034179687,4.554563807852552,10.351237344847775,7.50546057894943,PENDING,PENDING
AEGISLOG,0.469,37.36,716.35,65.0,354.2,721.7200012207031,2.3869006773580503,1.5451078305045662,-3.580326560877878,PENDING,PENDING
AEGISVOPAK,0.43,31.67,219.12,61.2,365.7,236.59660064697266,-4.1721369684831755,3.0522457251279445,-3.300975633209413,PENDING,PENDING
AFCONS,0.473,33.29,342.1,49.4,149.6,369.69200012207034,-0.4944682227495667,1.543488364867418,-3.7964003847823724,PENDING,PENDING
AFFLE,0.493,44.58,1650.3,55.5,272.5,1687.876005859375,-0.23575761448833,5.6800765003153675,-4.435692541722435,PENDING,PENDING
AJANTPHARM,0.452,52.03,2907.8,74.0,268.3,2729.510009765625,3.0659624464944635,6.971268682487586,5.179770893203539,PENDING,PENDING
AKUMS,0.391,57.01,470.85,93.2,43.8,437.86999938964846,4.586848808655319,9.372823717425227,5.856569025508107,PENDING,PENDING
AKZOINDIA,0.481,44.73,3001.1,54.8,111.8,3155.7240087890623,3.729439662152312,6.113434321103539,-4.371792022343657,PENDING,PENDING
APLLTD,0.459,26.95,804.35,71.5,43.3,824.8500048828125,0.751550095006448,5.322765841188226,0.934866475547258,PENDING,PENDING
ALKEM,0.46,51.28,5890.0,64.4,720.5,5667.69,4.183249314583892,2.927042376583655,1.5692360751853762,PENDING,PENDING
ALKYLAMINE,0.415,40.37,1576.4,47.5,112.7,1592.1139990234376,-0.22784655607199777,-0.3350778859091297,1.9663663915952423,PENDING,PENDING
ALOKINDS,0.506,26.78,15.82,70.1,100.7,15.816200122833251,-3.2415943381027823,5.678018788466699,1.410251974197485,PENDING,PENDING
ARE&M,0.466,50.25,911.7,63.5,292.8,900.0240014648438,2.935531177786932,8.3229353960675,1.6614657244511832,PENDING,PENDING
AMBER,0.519,75.43,7696.0,86.9,2686.2,6428.59,20.438184663536774,37.08585678660492,25.782463021982505,PENDING,PENDING
AMBUJACEM,0.457,45.18,541.25,51.0,1129.6,541.8350018310547,0.8008171515434759,1.367166893169447,0.4733595201755314,PENDING,PENDING
ANANDRATHI,0.483,45.44,3017.1,46.1,775.9,3002.557978515625,2.0738902434360718,4.778610788548354,-4.078966384907023,PENDING,PENDING
ANANTRAJ,0.464,52.72,564.05,61.8,2231.3,543.8479943847656,1.6031636472140676,15.194525645641699,-0.7740389338684706,PENDING,PENDING
ANGELONE,0.446,71.75,2781.1,64.3,2911.4,2529.0368408203126,3.5136095656383093,6.3477493710002,18.45393887854927,PENDING,PENDING
APARINDS,0.44,70.21,9580.0,84.1,1090.6,8409.42,1.0921753812061397,29.258584631990825,21.58903414138851,PENDING,PENDING
APOLLOHOSP,0.371,27.16,7507.0,85.2,3377.0,7101.01,5.4946599213041125,9.153035259905495,3.281282245305084,PENDING,PENDING
APOLLOTYRE,0.479,41.37,509.5,56.4,524.6,505.46564453125,0.07784293661967645,2.4050122178453037,1.8560845104381274,PENDING,PENDING
APTUS,0.521,45.59,258.15,49.0,333.6,276.86399841308594,-5.664169685990672,-5.474189627577164,-5.750273950700569,PENDING,PENDING
ASAHIINDIA,0.465,47.4,979.6,59.2,81.1,984.0640014648437,1.6920988268996018,0.9584652076645384,6.316469462748908,PENDING,PENDING
ASHOKLEY,0.419,37.71,206.35,82.2,3472.4,181.95779968261718,2.70257216009151,5.6417366350062,10.341699462470544,PENDING,PENDING
ASIANPAINT,0.513,22.98,2392.5,23.8,4165.6,2716.857998046875,-2.454436024394757,-4.749583824707071,-17.397456129452195,PENDING,PENDING
ASTERDM,0.476,27.77,600.4,60.9,538.8,596.7580004882813,11.113176930008883,9.233147957029653,-0.11644505079088097,PENDING,PENDING
ASTRAZEN,0.422,23.92,9068.0,83.4,63.9,8746.97,4.61467466543608,7.256490626293699,8.729016786570742,PENDING,PENDING
ASTRAL,0.431,41.05,1592.1,81.5,760.9,1441.7219970703125,6.041025023112789,9.580834801624615,10.662405617593329,PENDING,PENDING
ATHERENERG,0.425,60.42,716.25,72.2,1077.0,671.6539990234374,2.9020921717248127,17.930357914150207,12.036604673290064,PENDING,PENDING
ATUL,0.464,63.55,6664.0,77.4,151.5,6041.75,5.4847645429362935,8.37534558464792,7.640122758843493,PENDING,PENDING
AUROPHARMA,0.488,33.58,1146.6,53.3,2119.3,1187.14798828125,-5.45064552217247,0.5877665609594906,-4.346373380177704,PENDING,PENDING
AIIL,0.45,29.13,500.95,28.5,451.1,559.6439971923828,-0.42734920898449547,-0.2290368218492378,-17.817767863141697,PENDING,PENDING
DMART,0.472,47.51,4003.7,74.0,1508.0,3803.7640087890627,4.691051958611969,7.174023703802268,4.46705678204502,PENDING,PENDING
AXISBANK,0.45,58.98,1347.3,59.6,10904.8,1285.2700024414062,0.6424216008017014,2.083648960645035,5.736940861520212,PENDING,PENDING
BASF,0.468,49.69,3849.7,66.1,76.9,3816.1260009765624,2.4974054492131748,6.286580650797213,5.237687553667092,PENDING,PENDING
BEML,0.469,45.06,1767.6,56.9,628.7,1763.9140112304688,0.18136199997715874,-2.8310703474893617,-1.4550915033969658,PENDING,PENDING
BLS,0.513,46.49,284.6,49.7,1426.3,303.546999206543,-1.6416104716793,7.63994427887158,-3.7863360891319697,PENDING,PENDING
BSE,0.45,66.96,3177.1,79.7,13835.5,2754.9839990234377,9.695129789530599,12.60322869595074,13.850067601037175,PENDING,PENDING
BAJAJ-AUTO,0.469,47.72,9869.5,77.3,2848.6,9339.47,2.391326901130819,4.6218264694970035,3.987988620798655,PENDING,PENDING
BAJFINANCE,0.44,45.68,968.95,58.6,7839.8,978.1690014648437,0.5865280271629025,3.614392013104739,1.7911532047143242,PENDING,PENDING
BAJAJFINSV,0.434,39.67,2027.0,61.0,2301.1,2018.74599609375,0.3664104032243154,4.468378549195973,1.4057719367017496,PENDING,PENDING
BAJAJHLDNG,0.437,29.92,11111.0,72.2,661.5,10982.96,2.0387547065846334,3.802316890881907,3.4062354583527243,PENDING,PENDING
BAJAJHFL,0.435,43.35,91.11,57.3,569.0,93.54159957885742,-0.7948560068026578,2.1870758951873848,-2.545723936036459,PENDING,PENDING
BALKRISIND,0.437,69.31,2679.6,69.9,776.9,2410.0157470703125,0.6044714719823485,11.36607179185798,11.223029106402848,PENDING,PENDING
BALRAMCHIN,0.418,46.07,461.2,83.4,145.8,433.46399841308596,4.4265863422901175,12.652667093992287,10.546500170801876,PENDING,PENDING
BANDHANBNK,0.421,60.86,168.26,83.1,1889.8,148.10980041503908,6.940382879820595,9.722848262070261,17.05856969292936,PENDING,PENDING
BANKBARODA,0.505,46.83,291.2,44.5,2862.0,295.04000183105467,0.12033903942607616,-4.898758785763224,-3.639973380432593,PENDING,PENDING
BANKINDIA,0.455,75.86,167.13,58.5,2650.5,150.64960052490235,3.852614484064598,-0.12548790466930804,14.558918076649974,PENDING,PENDING
MAHABANK,0.453,66.74,66.24,57.9,1276.0,61.10414764404297,1.4084479075988199,1.0063983139480648,5.452633480089375,PENDING,PENDING
BATAINDIA,0.487,51.12,905.0,57.4,170.8,919.6900024414062,5.183632533752003,5.9408838162130495,-0.5330522301563279,PENDING,PENDING
BAYERCROP,0.453,49.36,4762.4,77.4,87.6,4459.198017578125,6.083356192230527,8.862314895239475,7.612696923370232,PENDING,PENDING
BERGEPAINT,0.483,10.0,458.5,18.8,221.5,518.2459973144531,-4.499063909376078,-4.249766282579193,-10.08040684678242,PENDING,PENDING
BDL,0.432,37.82,1282.6,39.2,2508.5,1437.2853588867188,-1.290905163987044,-18.014866013150943,-16.036103234018306,PENDING,PENDING
BEL,0.418,50.91,437.55,66.7,9419.5,411.1310009765625,-0.3756886084248845,-3.410598721198943,4.752208524259971,PENDING,PENDING
BHARATFORG,0.423,57.17,1676.4,82.8,1786.9,1455.6680004882812,5.3676948091805565,14.892745696939835,16.05399961329612,PENDING,PENDING
BHEL,0.464,25.0,260.65,55.2,3247.6,273.4360003662109,-4.418781727592524,0.38513384306053666,-2.7062337309352036,PENDING,PENDING
BPCL,0.448,56.61,387.6,85.1,2797.0,357.6886260986328,1.3465796135722075,9.985843114902671,11.089539070598132,PENDING,PENDING
BHARTIARTL,0.484,49.88,2012.1,53.4,14056.0,2054.2519970703124,-0.6762796382650316,2.7787723231794903,-1.560666556460999,PENDING,PENDING
BHARTIHEXA,0.486,47.02,1689.3,54.9,378.0,1705.63,4.840811620202468,10.037786774199663,-0.9730919367117785,PENDING,PENDING
BIKAJI,0.474,45.48,666.5,52.2,130.2,704.6490026855469,1.345696838348398,0.7101862033429995,-5.131305731883684,PENDING,PENDING
BIOCON,0.465,50.07,375.2,59.3,1077.3,381.84499755859383,1.804375155154836,1.2685593001434015,0.9144767417140764,PENDING,PENDING
BSOFT,0.441,77.22,465.05,68.5,591.5,429.7250000000001,5.609170284341225,15.526022083037216,12.507555564546413,PENDING,PENDING
BLUEDART,0.403,43.84,5836.0,80.1,109.5,5498.92,2.269341978445638,6.022345353801439,8.74871890431379,PENDING,PENDING
BLUEJET,0.483,44.94,442.15,49.6,148.5,497.08699890136717,7.084039823777055,6.247747298169459,-13.227356591335882,PENDING,PENDING
BLUESTARCO,0.421,64.05,1962.2,79.7,951.6,1789.443994140625,4.361238279412349,15.321772034785486,9.418384974345017,PENDING,PENDING
BBTC,0.423,28.47,1854.2,69.6,73.3,1825.0419995117188,5.676506153642036,7.539728783291277,2.8739417474570983,PENDING,PENDING
BOSCHLTD,0.475,41.61,36570.0,60.1,832.7,36656.5,-0.38136747480250754,1.0639767859610405,-2.8943175783324504,PENDING,PENDING
FIRSTCRY,0.472,51.3,275.4,51.0,266.6,282.095,1.287237984026035,1.1570225515094013,2.2461435514665062,PENDING,PENDING
BRIGADE,0.483,41.19,802.45,57.1,403.4,839.417001953125,0.899034895486972,9.124911790148293,-8.002291521119954,PENDING,PENDING
BRITANNIA,0.46,36.87,6019.0,61.9,2281.2,5943.92,2.381357373703019,4.705575367487169,1.2702952805585976,PENDING,PENDING
MAPMYINDIA,0.464,47.97,1275.4,42.7,107.2,1536.7040087890625,-0.8242593768225115,-3.224827317147627,-17.71081977392538,PENDING,PENDING
CCL,0.478,61.91,1014.15,67.3,260.8,962.0400231933594,1.3999385101114648,9.008870114659896,7.864144609507573,PENDING,PENDING
CESC,0.468,41.43,155.94,65.4,343.0,161.16460052490234,2.034941158863224,9.087097426009283,-4.4836410092634065,PENDING,PENDING
CGPOWER,0.393,60.01,685.6,74.1,3196.2,632.5852941894532,2.389486347576275,18.070826708218092,17.294846506227145,PENDING,PENDING
CRISIL,0.471,55.53,4695.6,56.5,182.9,4536.236025390625,0.16211812406676795,1.6209643382562033,-1.2948813404352277,PENDING,PENDING
CAMPUS,0.411,59.55,277.7,67.1,155.1,261.6880001831055,2.039323327215614,9.741161374430662,10.1328649331778,PENDING,PENDING
CANFINHOME,0.496,47.93,898.8,50.1,215.8,915.496005859375,-4.061481430809788,-0.7618443547602882,1.2276115642748442,PENDING,PENDING
CANBK,0.487,48.81,145.51,41.2,4431.6,150.37,-1.3491562665519097,-7.753271561067709,-3.006272255154774,PENDING,PENDING
CAPLIPOINT,0.532,46.63,1746.7,50.8,134.8,1853.9859985351563,-8.525794649286468,-0.7782363696994032,-3.1440652364751798,PENDING,PENDING
CGCL,0.484,34.96,177.61,61.8,191.0,179.36839996337892,3.4119363087927512,1.0870823536052843,-2.2670969097277838,PENDING,PENDING
CARBORUNIV,0.486,44.86,844.65,57.9,226.6,833.0900219726562,5.049441855292658,1.4199418907812067,5.143574632604264,PENDING,PENDING
CASTROLIND,0.468,48.68,186.88,53.0,409.3,187.11839996337892,-0.27215673648383065,0.8526723178808426,-0.15493577441351158,PENDING,PENDING
CEATLTD,0.424,50.8,4065.6,81.0,629.9,3821.2740087890625,3.9875220203956063,9.973226353214294,7.926734740011954,PENDING,PENDING
CENTRALBK,0.468,51.67,37.81,58.3,295.5,37.02271842956543,1.4761220518895168,1.803990292550517,2.1068490751662505,PENDING,PENDING
CDSL,0.487,47.42,1397.2,57.1,2749.0,1436.2279956054688,2.261575147439454,2.969999707621418,-1.4321022100969971,PENDING,PENDING
CENTURYPLY,0.481,25.25,778.35,58.7,100.5,798.8670031738282,-2.3706521685873283,1.519494351561379,1.018815780134652,PENDING,PENDING
CERA,0.436,46.6,5216.4,59.1,88.5,5196.106005859375,0.6230551895034298,4.453342057343823,1.8529708550961699,PENDING,PENDING
CHALET,0.453,49.01,878.7,59.1,106.7,871.3370007324219,0.9014223851601999,6.606006940495157,1.9255349833192215,PENDING,PENDING
CHAMBLFERT,0.461,30.57,465.45,72.5,442.8,446.42399963378904,6.267126074664686,5.4605201699857275,6.620095114461022,PENDING,PENDING
CHENNPETRO,0.436,55.63,926.4,77.2,1251.6,868.9119995117187,5.165171840046723,9.007477911068552,14.575479364334543,PENDING,PENDING
CHOICEIN,0.461,44.32,776.4,47.8,414.0,789.267998046875,-0.9125089005547204,4.382903624108114,-4.201368039990927,PENDING,PENDING
CHOLAHLDNG,0.465,40.19,1773.9,67.4,420.8,1800.2719970703124,3.3379966004349004,8.409214170987944,-2.5383194215472638,PENDING,PENDING
CHOLAFIN,0.42,38.65,1723.0,62.5,2597.7,1699.6107788085938,-0.8744720171272036,5.345100194833141,0.7884379195110203,PENDING,PENDING
CIPLA,0.48,42.4,1349.9,43.1,2861.1,1440.3520068359376,1.7487053664014152,1.6184883773608272,-7.869228132692396,PENDING,PENDING
CUB,0.412,54.24,290.7,56.2,558.9,282.0090008544922,-0.4792858155532653,-0.8864560839234481,10.51131940588579,PENDING,PENDING
CLEAN,0.486,42.1,783.2,32.2,261.6,862.7130090332031,-2.0229007109018093,-8.598434186372895,-8.181561951467264,PENDING,PENDING
COALINDIA,0.507,53.16,423.25,54.2,3813.3,410.95000000000005,-2.678775364447883,-4.684154569252341,-2.0934508555440656,PENDING,PENDING
COCHINSHIP,0.494,42.65,1513.7,55.3,1315.7,1569.0989916992187,0.7655438938757086,-6.51229317924834,-2.904647555106077,PENDING,PENDING
COFORGE,0.516,39.71,1520.4,32.9,3536.9,1725.6297021484374,-5.793419579006809,-10.044104336591797,-10.197819619216375,PENDING,PENDING
COHANCE,0.468,35.71,355.25,36.6,229.0,469.0689996337891,-3.13565098841172,-6.880733944954132,-25.351963741089612,PENDING,PENDING
COLPAL,0.463,51.39,2173.4,59.9,843.4,2120.1579907226565,2.702955887519032,0.8819161186987667,3.668013467386122,PENDING,PENDING
CAMS,0.463,45.93,747.1,65.9,851.0,733.8278332519532,1.5495396479208168,5.8375477168747025,5.673692249332363,PENDING,PENDING
CONCORDBIO,0.491,43.7,1244.8,51.3,388.7,1312.2219897460936,5.4825925413703125,4.569894430306243,-6.847264585542845,PENDING,PENDING
CONCOR,0.462,41.8,515.15,62.2,719.8,507.5683642578125,-1.6198846721095284,4.48490488993436,1.0838810465073179,PENDING,PENDING
COROMANDEL,0.468,48.86,2277.8,53.8,560.9,2290.050927734375,0.15830172076096716,1.3328663049912315,-0.10576303619359573,PENDING,PENDING
CRAFTSMAN,0.465,53.22,8119.0,64.3,375.0,7426.1,3.446518443014579,4.357326478149104,6.534575515024277,PENDING,PENDING
CREDITACC,0.398,38.34,1272.2,42.8,2904.3,1297.4939990234375,-4.696986448083173,-1.5553738990010113,-1.471499436067658,PENDING,PENDING
CROMPTON,0.436,58.03,266.04,75.0,958.9,249.0688003540039,9.005986727116632,18.03017557626976,5.928733828508337,PENDING,PENDING
CUMMINSIND,0.405,39.5,4363.2,72.8,2293.3,4268.3079443359375,4.300990049085174,8.922478142115642,10.273494700578944,PENDING,PENDING
CYIENT,0.531,35.92,1061.9,39.2,367.0,1139.5119995117188,-7.524167964830831,-5.034871151515441,-7.877151956630357,PENDING,PENDING
DCMSHRIRAM,0.439,35.04,1147.0,65.3,62.5,1194.9503735351564,-1.8315665839526485,-0.8385883618347023,-2.5347315469483322,PENDING,PENDING
DLF,0.43,40.56,672.05,69.8,2905.4,671.5760021972657,1.8489069725580842,7.433458701527407,1.8797791131623942,PENDING,PENDING
DOMS,0.464,45.89,2461.9,56.5,90.0,2513.847998046875,-0.26332848230257166,4.681514211656146,-0.2916121269986083,PENDING,PENDING
DABUR,0.491,56.37,522.35,54.8,877.9,507.5600018310547,4.219864897004388,1.279685038475531,-0.3148901553554406,PENDING,PENDING
DALBHARAT,0.476,57.29,2175.2,43.5,815.7,2093.929987792969,1.5878946747309497,4.8592389883086895,4.899684063019727,PENDING,PENDING
DATAPATTNS,0.438,56.38,2832.7,72.6,2328.8,2605.08,8.176118747847472,8.507616839324506,8.242260266407154,PENDING,PENDING
DEEPAKFERT,0.481,43.07,1061.9,41.1,424.0,1191.4600012207031,1.6950846648023044,-9.347788775638122,-12.123468805045412,PENDING,PENDING
DEEPAKNTR,0.46,54.25,1672.8,60.5,297.1,1614.8019995117188,2.871906644323019,6.520633139461984,6.25674883725762,PENDING,PENDING
DELHIVERY,0.502,45.92,429.5,75.9,1104.3,409.90000183105474,-4.193617734750177,5.334150827713069,8.624179724302937,PENDING,PENDING
DEVYANI,0.502,52.48,135.52,61.1,999.4,132.30719985961915,9.946456209436327,18.44083765178941,-0.1620754470311292,PENDING,PENDING
DIVISLAB,0.423,23.55,6386.5,62.3,2403.1,6311.77,5.483524651085969,3.207821590174542,-1.5264821524940242,PENDING,PENDING
DIXON,0.478,31.41,11741.0,70.4,8596.8,12008.32,0.5394759376605496,14.223173460453342,-0.8528964701908448,PENDING,PENDING
AGARWALEYE,0.471,44.56,457.8,43.4,94.1,485.88700073242194,1.6542648136971039,4.175668466540516,-9.256692211502715,PENDING,PENDING
LALPATHLAB,0.465,41.72,1443.8,62.7,415.6,1430.5771044921876,2.8860542001563294,3.35625282255414,4.808185303578916,PENDING,PENDING
DRREDDY,0.446,45.56,1270.3,69.3,2386.3,1242.6159985351562,2.427035868515248,3.9100244440184007,4.508436760849444,PENDING,PENDING
EIDPARRY,0.5,47.32,923.9,53.5,151.9,975.5730004882812,1.3159337294360363,2.5985590687465088,-1.691845454929819,PENDING,PENDING
EIHOTEL,0.467,43.87,340.1,55.3,759.1,352.5510003662109,2.3164898761788733,7.848422235918928,-1.5059316169367731,PENDING,PENDING
EICHERMOT,0.424,44.63,7771.0,69.1,3668.0,7250.59,6.78117485400207,9.899589874133795,4.50511027434104,PENDING,PENDING
ELECON,0.452,51.78,455.3,69.8,292.8,450.30900207519534,-0.0877824014366646,16.893450011031796,11.075870839839453,PENDING,PENDING
ELGIEQUIP,0.408,53.52,497.5,74.7,244.5,465.5870001220704,1.0049766175431962,15.348948314556488,12.991145535513148,PENDING,PENDING
EMAMILTD,0.448,37.92,500.9,63.5,364.4,507.15010803222657,3.6076842244865848,3.8517909136798645,-1.1311479912748834,PENDING,PENDING
EMCURE,0.491,51.24,1498.8,42.3,275.9,1461.1200024414063,-2.351943124094902,4.387797594199805,-2.7132239010918213,PENDING,PENDING
ENDURANCE,0.445,45.05,2607.1,64.3,205.7,2547.5739990234374,6.560123992218947,8.865042780169151,1.3213632859043978,PENDING,PENDING
ENGINERSIN,0.481,48.45,184.28,55.4,397.2,190.31845306396485,4.230766741191361,6.348107154600391,-5.273977002633778,PENDING,PENDING
ERIS,0.454,44.47,1469.2,63.1,74.2,1498.713994140625,2.942825212789124,8.757119299714544,-2.6246087204866653,PENDING,PENDING
ESCORTS,0.485,46.46,3695.0,56.1,522.9,3681.8200146484373,2.6445899739033107,6.098888657549084,-1.5034361521551798,PENDING,PENDING
ETERNAL,0.465,67.01,300.7,57.9,18656.1,284.8770001220703,2.226761328049509,12.91777168266577,5.749958063149663,PENDING,PENDING
EXIDEIND,0.479,38.06,341.1,61.9,655.0,352.5820001220703,-0.11712852020040465,6.2120543628164215,-2.4592524459004617,PENDING,PENDING
NYKAA,0.465,68.18,277.54,81.5,2301.2,254.31360046386717,10.56049471957028,17.006750470356046,9.808114162184722,PENDING,PENDING
FEDERALBNK,0.477,66.72,290.5,65.6,3608.9,268.53800231933593,1.0786381939284828,2.1269072010323464,14.86753934794709,PENDING,PENDING
FACT,0.458,41.47,808.9,53.8,117.1,842.7730004882812,0.942166226760599,-1.2814253950637067,-6.355633729421218,PENDING,PENDING
FINCABLES,0.453,50.35,818.55,78.4,177.7,756.14900390625,9.8798542694007,12.763460567960738,8.173645379698424,PENDING,PENDING
FINPIPE,0.48,52.86,181.52,60.9,57.8,172.77759948730468,1.8630793384261546,4.967334736886664,4.3278340948111005,PENDING,PENDING
FSL,0.498,31.89,285.35,30.7,219.1,327.405,-6.319763497791286,-10.814191212196878,-8.380158959880236,PENDING,PENDING
FIVESTAR,0.554,18.8,432.25,23.0,859.0,525.0160040283204,-6.358320128993622,-13.774185013841588,-14.768805047402289,PENDING,PENDING
FORCEMOT,0.524,60.77,24927.0,75.8,2220.2,19406.9,24.206487617718864,31.923789362265143,25.26130653266332,PENDING,PENDING
FORTIS,0.462,32.38,918.85,75.5,1522.0,882.5709973144532,6.8616621126022626,8.220951510099873,2.860180022625314,PENDING,PENDING
GAIL,0.46,48.16,163.47,59.4,2206.7,162.70386993408204,1.907610179374708,0.2529913762085112,1.2100708138046645,PENDING,PENDING
GVT&D,0.53,74.16,3671.6,94.0,2882.4,3023.6639990234376,4.592074971426285,26.388987871127355,35.07468779378586,PENDING,PENDING
GMRAIRPORT,0.449,41.88,96.81,59.9,1364.8,100.09259948730468,-1.294865669607681,3.0880564193338067,-3.0736882050916736,PENDING,PENDING
GRSE,0.442,47.95,2483.6,59.6,3351.3,2432.7176513671875,-1.5382098869988092,-1.119911726652001,0.40690512850882765,PENDING,PENDING
GICRE,0.465,60.5,393.25,66.5,213.5,374.8299993896485,5.133007040133397,4.768880672816045,6.51408098531765,PENDING,PENDING
GILLETTE,0.464,55.54,8724.0,72.4,347.6,8092.979833984375,0.28738935509828867,13.181375814830742,13.563865608231062,PENDING,PENDING
GLAND,0.432,48.05,1868.4,71.9,502.1,1731.1339990234376,-1.1271591950141935,10.575846505662255,11.174583574693253,PENDING,PENDING
GLAXO,0.484,63.98,2699.3,78.2,212.1,2465.9820166015625,12.139086008778154,10.890645919560772,12.606897453608589,PENDING,PENDING
GLENMARK,0.461,52.69,2015.2,58.1,916.2,1992.68,2.8530547108996496,1.0885352983132757,-0.11400489854398455,PENDING,PENDING
MEDANTA,0.461,45.83,1146.2,65.1,172.4,1148.7539990234375,2.084066737276391,9.265962933448524,-3.987275566203563,PENDING,PENDING
GODIGIT,0.498,44.98,321.3,50.8,162.6,335.9829998779297,1.6611296322653457,-2.695343453979737,-4.18965798563603,PENDING,PENDING
GPIL,0.452,45.95,258.21,60.5,432.8,251.48219970703124,-0.7571686048734705,0.39268242617107596,1.3780897325841757,PENDING,PENDING
GODFRYPHLP,0.465,46.85,2134.8,55.2,1481.5,2404.850021972656,4.406519284387467,5.599528819215482,0.19712526890875992,PENDING,PENDING
GODREJAGRO,0.455,53.65,591.3,76.2,100.5,562.5370031738281,5.882348440841145,11.376899717713851,7.960557716667838,PENDING,PENDING
GODREJCP,0.485,50.54,1208.6,48.0,1588.6,1188.9029174804687,4.577314757210305,3.588781190229051,-1.8076841676615607,PENDING,PENDING
GODREJIND,0.482,48.36,1015.95,52.6,69.1,1008.9199963378907,0.7537102003376761,2.2288211598043173,0.370480137796414,PENDING,PENDING
GODREJPROP,0.437,50.23,1852.1,69.3,3210.2,1900.1440112304688,8.20237357125242,19.46719455926893,-4.076034351146496,PENDING,PENDING
GRANULES,0.472,40.53,578.85,62.3,520.7,581.5639978027343,-0.6607236211496503,2.4694548714782716,-3.8375340398114077,PENDING,PENDING
GRAPHITE,0.488,78.69,666.95,58.6,892.8,603.01400390625,4.644235938642893,0.7857970845532636,7.763772159883109,PENDING,PENDING
GRASIM,0.444,53.03,2932.6,69.2,2052.1,2810.447998046875,3.082716380996353,3.293297058359679,4.485700241374513,PENDING,PENDING
GRAVITA,0.471,45.3,1692.2,64.3,327.5,1726.0080078125,1.7987066994811451,8.837142914120077,4.58590551124074,PENDING,PENDING
GESHIP,0.446,69.22,1348.9,98.0,685.8,1130.2485278320312,8.887630872317898,15.78602856418665,23.533169318373524,PENDING,PENDING
FLUOROCHEM,0.449,50.26,3490.8,63.6,263.6,3424.507998046875,4.047691470286896,15.773418193092148,0.9280972073155258,PENDING,PENDING
GUJGASLTD,0.425,40.92,430.15,72.6,154.0,408.9269982910157,3.550794467193863,4.77408517507969,1.247496226156919,PENDING,PENDING
GMDCLTD,0.555,60.19,594.2,60.7,2756.0,558.5889990234375,-3.311362133293716,6.37308238041927,5.401332542267179,PENDING,PENDING
GSPL,0.459,52.95,314.85,69.4,152.7,299.7070007324219,5.07258885921491,4.950002034505219,1.1891410186760876,PENDING,PENDING
HEG,0.473,25.0,529.05,44.9,1124.6,556.795,-2.3352453625619995,-7.070086222211069,-7.119029060922221,PENDING,PENDING
HBLENGINE,0.555,29.2,772.4,65.8,2144.5,825.7289965820313,-3.317060857450327,5.152819719569823,-12.052374105999142,PENDING,PENDING
HCLTECH,0.466,34.53,1551.6,26.5,4350.9,1651.0043017578125,-4.328528248159347,-10.291397000031688,-6.282076880108489,PENDING,PENDING
HDFCAMC,0.403,58.27,2826.9,77.8,3445.3,2610.0259912109377,3.73944595756881,14.098312516936407,13.644217179648233,PENDING,PENDING
HDFCBANK,0.506,47.31,927.1,54.1,29495.8,962.972998046875,-2.727940474871582,-0.6004113378150766,-1.0512873144524981,PENDING,PENDING
HDFCLIFE,0.492,37.68,701.1,36.2,2249.1,745.0539965820312,-2.961941095371967,-3.7743619162057485,-7.096011011157543,PENDING,PENDING
HFCL,0.417,54.0,71.65,76.3,1321.0,66.46300025939941,4.066816432552667,11.068050152238996,13.388199213528829,PENDING,PENDING
HAPPSTMNDS,0.472,47.81,392.55,40.4,175.5,448.66199951171876,-1.2204343678925422,-2.894251628208089,-9.373197893480356,PENDING,PENDING
HAVELLS,0.451,26.74,1383.8,71.8,1334.8,1392.6005493164062,2.9459975520551573,7.538078669513326,-4.300023460490765,PENDING,PENDING
HEROMOTOCO,0.487,39.58,5682.5,64.7,2672.6,5688.233369140625,-0.995299349071932,5.093149506531525,1.165812691259971,PENDING,PENDING
HEXT,0.42,23.2,572.1,21.8,910.8,725.1889990234375,-17.08696006000906,-17.641984383646424,-21.60329214307126,PENDING,PENDING
HSCL,0.443,43.37,455.3,53.7,481.2,467.19700134277343,-0.7952989033620517,1.4822231108775563,-3.3333359250596994,PENDING,PENDING
HINDALCO,0.49,66.76,965.95,54.8,6546.8,902.9630017089844,0.1036323112440618,-3.2308154283323343,4.977447870213725,PENDING,PENDING
HAL,0.464,44.47,4133.0,45.8,7227.9,4373.201982421875,-1.9942637288356213,-10.618512110726641,-8.529566011716627,PENDING,PENDING
HINDCOPPER,0.442,66.5,603.7,55.0,27515.5,502.69500061035154,-1.6214473741008817,-4.688981853845952,10.628550247859557,PENDING,PENDING
HINDPETRO,0.457,44.13,461.75,69.6,2436.5,456.9010021972656,0.6320134810742895,6.578188113098671,2.372245315732613,PENDING,PENDING
HINDUNILVR,0.454,55.65,2462.9,67.4,3265.9,2357.2880029296875,3.875997568272882,3.5528087567078703,2.3564106193361356,PENDING,PENDING
HINDZINC,0.479,41.01,628.55,39.3,16060.2,610.0870001220703,-1.673838436766717,-11.246826184857229,0.04774974818444466,PENDING,PENDING
POWERINDIA,0.514,74.72,22731.0,87.0,4144.9,18822.38,19.3666964238828,28.54719221851496,30.420563428768155,PENDING,PENDING
HOMEFIRST,0.423,49.91,1177.3,63.0,983.0,1124.3979931640624,-0.9173457996694778,-1.141991376868845,10.836010445045252,PENDING,PENDING
HONASA,0.45,40.45,291.95,70.2,103.2,277.74700134277344,5.3210675867444435,9.03828653857377,0.5337528729767893,PENDING,PENDING
HONAUT,0.458,42.76,32220.0,42.5,157.6,33435.4,-2.42277407631738,2.0265991133628924,-3.820895522388057,PENDING,PENDING
HUDCO,0.468,43.62,193.24,42.4,839.1,210.6651431274414,-1.3960010190390726,-4.865694157848155,-10.634456850820328,PENDING,PENDING
HYUNDAI,0.464,39.35,2188.5,33.6,1341.3,2280.5999951171875,-0.0593683806346057,1.2678682664197582,-4.673754096437777,PENDING,PENDING
ICICIBANK,0.439,43.18,1406.1,66.4,21004.2,1378.5640014648438,-0.16330934310242462,2.807635138186604,-0.49536480935097327,PENDING,PENDING
ICICIGI,0.458,33.62,1931.7,70.4,1586.4,1912.3819897460937,4.190935877663171,6.0092197856541185,1.1202377530628027,PENDING,PENDING
ICICIPRULI,0.47,43.66,640.95,46.9,832.9,651.5289965820313,-2.937830558968735,-0.22571795640167203,-5.8464910456068715,PENDING,PENDING
IDBI,0.458,67.92,111.31,66.2,2150.5,101.53059997558594,1.969580271487903,11.678538781467719,6.81316431868102,PENDING,PENDING
IDFCFIRSTB,0.508,48.39,82.56,53.5,2012.9,83.53180023193359,-3.030305202666439,-0.44616272183823913,-2.6070534056738315,PENDING,PENDING
IFCI,0.488,79.23,62.1,59.1,3283.7,53.87619979858398,7.272411692623826,7.32802941417694,10.047843590788098,PENDING,PENDING
IIFL,0.435,33.49,525.6,30.4,2188.8,577.162837524414,1.633945813199733,-2.774694908881936,-17.492949501327224,PENDING,PENDING
INOXINDIA,0.463,53.06,1166.6,66.1,48.9,1127.6299975585937,3.2206712074549504,7.007891014115231,3.6148814538889296,PENDING,PENDING
IRB,0.437,52.84,44.43,84.0,308.5,41.79760009765625,5.6850602702192,8.075893080838913,8.445201321410355,PENDING,PENDING
IRCON,0.489,46.94,156.43,53.6,504.5,161.1198001098633,-0.6288943620121112,-4.464402450315053,-4.481902305179308,PENDING,PENDING
ITCHOTELS,0.478,45.75,188.9,52.2,630.3,192.3048001098633,1.6958244395609112,4.37617325445665,-2.8791805159463224,PENDING,PENDING
ITC,0.482,49.59,318.25,50.2,7623.4,353.4941467285156,1.401941631644621,1.1738335397864619,-3.98352132741262,PENDING,PENDING
ITI,0.436,39.92,293.5,55.7,157.3,300.4130004882812,0.9458297506448776,0.20485015910505222,-0.8780837723477375,PENDING,PENDING
INDGN,0.465,44.28,473.1,46.6,132.0,508.79999877929686,-1.283253812516305,-0.525651801496374,-7.434944149130707,PENDING,PENDING
INDIACEM,0.456,48.95,454.7,50.7,168.2,443.3750012207032,-1.951479847540416,2.156820034121276,-2.8107285935515813,PENDING,PENDING
INDIAMART,0.466,48.82,2243.0,45.9,446.1,2222.266005859375,-1.4109312240511374,2.593420386294487,4.141514957268599,PENDING,PENDING
INDIANB,0.468,70.37,897.3,58.5,1778.4,835.0970007324219,2.052884594025439,-0.11687959275380466,8.546538594610652,PENDING,PENDING
IEX,0.466,44.69,127.16,50.4,1377.0,134.994013671875,-0.41506677826250726,-0.01643085677710543,-9.386812809474199,PENDING,PENDING
INDHOTEL,0.448,30.2,707.55,75.0,1872.2,705.697998046875,3.118846114912066,7.8253542564300504,2.528620899053813,PENDING,PENDING
IOC,0.401,59.68,181.31,87.9,2659.7,162.8323501586914,4.9369133230477535,11.335579222111903,14.579114803194493,PENDING,PENDING
IOB,0.448,44.27,35.45,57.5,248.5,35.63300010681152,0.9109014662531889,0.5673780508920645,0.4533857842483391,PENDING,PENDING
IRCTC,0.476,46.66,628.35,56.0,777.0,652.0849963378906,0.9640877698036565,0.5199168336158744,-1.0238639442335606,PENDING,PENDING
IRFC,0.487,45.59,114.33,48.0,1929.7,118.52679962158203,-1.4396535939183885,-4.843944753151474,-6.7683239079025075,PENDING,PENDING
IREDA,0.486,44.06,126.67,48.8,1095.1,135.03639923095704,-3.863081777547084,-5.37835004919468,-10.480566665056301,PENDING,PENDING
IGL,0.473,48.46,176.32,49.8,287.6,184.8556005859375,1.5726775988947006,0.7773208494303185,-4.168703701261811,PENDING,PENDING
INDUSTOWER,0.449,59.92,467.05,77.8,3233.1,425.1119982910157,4.931471891363737,9.81660032878333,7.963472307767305,PENDING,PENDING
INDUSINDBK,0.444,57.59,925.0,58.8,4516.7,884.4100012207032,0.40160775600299736,2.5840065961559633,2.1591460079961378,PENDING,PENDING
NAUKRI,0.496,33.61,1171.7,27.5,2078.5,1314.6500048828125,-1.3720579821654089,-9.862302548995983,-10.754822958069788,PENDING,PENDING
INFY,0.446,33.36,1471.9,18.9,14689.4,1614.0800048828125,-4.160699464934947,-11.677166251781424,-7.769910276524172,PENDING,PENDING
INOXWIND,0.466,46.26,110.42,58.7,871.1,117.99440002441406,0.308862947161348,1.0709365390803915,-1.7353426448109888,PENDING,PENDING
INTELLECT,0.504,32.5,746.5,24.3,303.4,945.467998046875,-6.535621811597081,-17.976044387937616,-18.294754002908086,PENDING,PENDING
INDIGO,0.48,49.21,5013.8,57.7,6358.1,4968.726005859375,1.0704055331780538,5.575906605337977,3.377315560567018,PENDING,PENDING
IGIL,0.476,51.62,330.0,63.7,420.3,319.9109991455078,0.794137492970659,3.173360544879733,6.451612903225801,PENDING,PENDING
IKS,0.495,71.2,1742.6,57.7,402.6,1665.64599609375,8.310022322273669,9.860044712428294,5.12789582842228,PENDING,PENDING
IPCALAB,0.466,44.79,1432.7,41.3,235.0,1452.8979956054689,1.8700175128885999,-0.9950953394378903,-9.03492373511905,PENDING,PENDING
JBCHEPHARM,0.491,47.67,1894.8,53.4,383.0,1834.9296850585938,0.7605040582157274,2.7525842382155385,1.8473017672921088,PENDING,PENDING
JKCEMENT,0.469,59.91,5868.0,59.4,721.1,5659.55,2.8030833917308984,3.482938012520931,4.869984809221695,PENDING,PENDING
JBMA,0.456,53.35,610.1,68.6,364.0,590.9030004882812,2.0490090324071897,8.587701716936348,1.7257149788974635,PENDING,PENDING
JKTYRE,0.416,51.3,604.9,81.0,868.5,501.2800012207032,10.686189279791858,19.26262023967609,20.426048002091935,PENDING,PENDING
JMFINANCIL,0.47,51.5,138.19,59.5,489.7,138.73919967651366,5.119424451413135,6.710426595680508,0.8907068772944671,PENDING,PENDING
JSWCEMENT,0.478,46.19,118.54,54.7,520.5,117.9952001953125,2.06647282460104,4.949096164957556,-1.5530293910044013,PENDING,PENDING
JSWENERGY,0.509,46.66,482.35,51.7,1468.2,478.5520001220703,2.8793856935600326,8.089637222076341,-3.2979114057799186,PENDING,PENDING
JSWINFRA,0.456,43.39,261.75,44.1,521.8,270.38000122070315,-1.7270531248750443,0.2873563218390718,-2.568395329702877,PENDING,PENDING
JSWSTEEL,0.431,58.69,1249.2,68.8,2097.3,1162.5060034179687,1.709819315654837,2.502666876344084,5.622727889191892,PENDING,PENDING
JPPOWER,0.511,47.82,15.38,51.5,582.2,16.865400104522706,-4.5313498960489085,-2.842702535906183,-6.390749672744023,PENDING,PENDING
J&KBANK,0.436,49.98,105.02,54.8,339.6,102.28300003051758,-0.3321686385046596,-0.17110295665155872,4.915083160782752,PENDING,PENDING
JINDALSAW,0.467,80.35,196.79,53.1,2664.0,170.9310009765625,4.558730283299783,8.777839424337742,21.64801142904682,PENDING,PENDING
JSL,0.468,41.69,799.85,64.1,476.3,794.5498950195313,2.269530821389165,-1.0086663878790203,3.6887330340371616,PENDING,PENDING
JINDALSTEL,0.399,57.54,1190.5,80.5,1904.1,1058.4059997558593,1.987488237935553,6.351614618121348,16.327923744345128,PENDING,PENDING
JIOFIN,0.47,44.06,270.3,56.4,3972.0,284.6450015258789,0.8582044003614842,5.916924382953281,-5.90078753943647,PENDING,PENDING
JUBLFOOD,0.416,27.91,547.0,68.6,1273.8,544.558998413086,5.884635278889094,10.807253471718425,4.46906522252537,PENDING,PENDING
JUBLINGREA,0.493,52.08,671.55,54.6,137.9,679.1166772460938,3.364320059132564,6.340180523659922,-0.2012813579775008,PENDING,PENDING
JUBLPHARMA,0.513,48.09,937.9,48.3,150.8,1030.0230017089843,-3.2943189128372685,-2.525461181114641,-10.718703054349133,PENDING,PENDING
JWL,0.432,45.71,310.25,48.9,1667.5,303.1809994506836,0.8123476848090894,-4.229051301370468,4.4085500160162105,PENDING,PENDING
JYOTHYLAB,0.448,33.21,252.88,60.0,149.3,267.93059997558595,3.9588920381551818,2.0088790274063406,-2.738459660456727,PENDING,PENDING
JYOTICNC,0.463,25.0,863.0,54.9,426.0,913.1360009765625,3.026320640731761,2.6769779892920953,-7.892631543153339,PENDING,PENDING
KPRMILL,0.469,46.85,907.45,56.1,900.1,923.8239965820312,-8.931707452426485,-2.087826482606725,9.615273173711735,PENDING,PENDING
KEI,0.363,56.89,4605.9,85.1,1542.4,4256.566420898437,4.128142014311198,18.73629930629097,5.568862965708221,PENDING,PENDING
KPITTECH,0.483,30.67,959.4,11.1,1045.1,1143.4329528808594,-2.241695481221828,-13.041614176042337,-17.995403430034095,PENDING,PENDING
KSB,0.471,38.57,730.95,63.3,45.5,735.0720031738281,1.83199005819088,5.415342727266159,-2.6503248353144104,PENDING,PENDING
KAJARIACER,0.494,47.57,956.7,48.4,188.5,991.7870007324219,5.166538349930638,8.266846123996574,-3.8637402666668486,PENDING,PENDING
KPIL,0.459,37.38,1136.6,64.1,181.7,1149.736005859375,0.9862261737838773,1.7546979038439936,1.8823951648950565,PENDING,PENDING
KALYANKJIL,0.427,44.63,426.95,60.3,5290.0,455.6440008544923,10.266012073043562,16.034786803269064,-14.84842094051232,PENDING,PENDING
KARURVYSYA,0.448,58.67,319.0,82.5,1900.1,269.9288000488281,0.5516154452324562,8.577267955772982,21.01668915543531,PENDING,PENDING
KAYNES,0.451,52.81,4154.7,71.2,7502.2,3923.5700048828126,9.930155650795559,19.02538472115891,12.428973997575898,PENDING,PENDING
KEC,0.494,43.51,621.6,43.5,403.7,686.765,-1.5443098720248294,-6.265557912756958,-10.18638960943672,PENDING,PENDING
KFINTECH,0.487,45.38,1022.5,54.9,749.3,1049.722010498047,0.6496678243259391,0.03913750353365941,-2.7117031398667946,PENDING,PENDING
KIRLOSBROS,0.45,48.6,1641.9,67.6,224.0,1594.2139990234375,4.632938790744623,8.062392920339768,1.8106327355543739,PENDING,PENDING
KIRLOSENG,0.421,47.84,1324.6,76.4,263.7,1182.796005859375,7.752373136945745,18.990301265421362,14.495630359832546,PENDING,PENDING
KOTAKBANK,0.479,51.33,429.55,56.1,7955.9,426.59,4.171209272429444,4.15858248067511,0.6773506084596814,PENDING,PENDING
KIMS,0.5,70.88,683.75,67.1,276.3,634.0569970703125,12.145315123894761,12.154510394247154,11.396222482595576,PENDING,PENDING
LTF,0.474,49.99,288.3,55.7,1959.6,298.95999816894533,0.41796644512102077,-0.3800988689409146,-2.6506858906975017,PENDING,PENDING
LTTS,0.47,47.08,3838.0,45.0,326.6,4253.57201171875,0.6741324356086542,-0.4977691438070697,-11.081246121227872,PENDING,PENDING
LICHSGFIN,0.465,46.03,525.55,59.1,1046.6,528.7970031738281,1.9100204290829481,1.262040037180867,1.3108410203313214,PENDING,PENDING
LTFOODS,0.431,48.81,421.95,75.8,378.5,384.4231384277344,3.191493887341701,18.213157784714706,15.533830336845256,PENDING,PENDING
LTIM,0.499,38.78,5515.5,35.3,2320.4,6055.05,-3.347060369753785,-8.311861025683653,-8.082659778351807,PENDING,PENDING
LT,0.396,44.73,4170.4,85.1,8009.3,4003.9200048828125,2.038115110889227,9.920925206740904,3.767103815470274,PENDING,PENDING
LATENTVIEW,0.477,41.34,408.45,53.0,590.6,448.3190014648437,-6.103445469647973,1.465662549491098,-6.937794967624167,PENDING,PENDING
LAURUSLABS,0.489,50.66,1013.65,55.2,2286.1,1035.115001220703,3.4020235679261157,1.4664689103165651,-2.832623479767016,PENDING,PENDING
THELEELA,0.441,53.71,452.7,72.6,251.7,420.8170007324219,1.9479843828067889,11.37901306703415,5.549083387557974,PENDING,PENDING
LEMONTREE,0.484,48.0,134.17,54.0,519.3,148.0852001953125,3.870867903443309,5.662304789677042,-11.73026436253598,PENDING,PENDING
LICI,0.463,56.1,875.3,66.0,1554.2,845.8360021972657,4.788698741117914,6.464752393188289,5.191685311204486,PENDING,PENDING
LINDEINDIA,0.464,59.02,6487.5,71.9,367.4,5975.2,8.622854750941823,9.410574247407034,9.818027930596696,PENDING,PENDING
LLOYDSME,0.485,25.72,1222.6,60.1,779.9,1253.137998046875,-4.89303962769837,7.057791207174913,-2.3560418956317775,PENDING,PENDING
LODHA,0.443,53.39,1094.9,68.5,2028.6,1055.5430090332031,3.634644998964731,17.84523228768389,1.5865628884068173,PENDING,PENDING
LUPIN,0.466,49.87,2209.1,61.4,1690.8,2136.5939990234374,0.6332063954791245,3.7379712447170643,0.9459055125313309,PENDING,PENDING
MMTC,0.46,54.19,66.11,50.6,825.6,62.69320014953613,1.7233463354311196,-2.363016534862139,4.077456130231072,PENDING,PENDING
MRF,0.465,59.89,151740.0,63.9,1546.1,147264.7,10.244115082824766,12.45414458813503,3.1578231754988195,PENDING,PENDING
MGL,0.467,72.51,1180.2,62.7,319.2,1108.2719970703124,9.561827392207679,13.121815003988658,10.422894578447428,PENDING,PENDING
MAHSCOOTER,0.467,43.61,13894.0,63.8,75.3,13857.88,3.293435432309866,4.631372844340698,7.2730080296479205,PENDING,PENDING
MAHSEAMLES,0.471,46.28,546.7,68.9,59.3,542.3339990234375,1.8727266068685466,6.237862056744903,4.942892676191479,PENDING,PENDING
M&MFIN,0.465,57.47,382.45,66.8,720.2,368.0139990234375,3.3648681640625178,3.322982173001665,8.174239969422882,PENDING,PENDING
M&M,0.457,48.38,3674.9,59.8,9902.3,3627.0380029296875,2.823164587122262,6.543545006580231,-0.19283263596551192,PENDING,PENDING
MANAPPURAM,0.478,56.23,302.55,53.2,1341.7,296.15419616699216,3.2058921507391203,3.8958052912678953,3.0129386004333236,PENDING,PENDING
MRPL,0.491,72.31,193.72,96.2,3285.1,156.8311996459961,5.898436001167795,18.14356271178932,38.01652919515324,PENDING,PENDING
MANKIND,0.439,43.61,2087.0,48.7,827.9,2162.172001953125,-0.11008705185332479,-1.4124381748350956,-6.172730558562078,PENDING,PENDING
MARICO,0.471,50.62,770.4,62.4,1493.9,744.2489990234375,5.04499574152053,4.581551466973077,1.8778116870941775,PENDING,PENDING
MARUTI,0.503,46.91,15412.0,43.6,7374.6,16025.86,2.26262358171323,3.5961551388048685,-7.055843685924501,PENDING,PENDING
MFSL,0.479,49.66,1734.1,66.5,1002.0,1673.5459936523437,1.5162173723453298,6.786129042127298,4.319312076567017,PENDING,PENDING
MAXHEALTH,0.457,50.23,1055.15,61.8,3225.1,1039.9629992675782,2.896296714261526,10.071985320999953,4.088982115802309,PENDING,PENDING
MAZDOCK,0.48,45.89,2430.6,57.0,2659.2,2469.835986328125,-0.016450116978605767,-2.993294902492838,-3.593521151446688,PENDING,PENDING
METROPOLIS,0.473,59.09,1999.0,59.2,114.9,1916.1260131835938,5.432489451476785,9.187237638514256,4.092895989725864,PENDING,PENDING
MINDACORP,0.414,37.93,595.15,74.2,186.3,578.5719995117188,2.2594543666774047,9.5334593090328,2.6563215893165237,PENDING,PENDING
MSUMI,0.53,46.6,43.36,45.1,289.4,45.70059997558594,-4.409171016509161,0.09233821747260951,-7.271167308010629,PENDING,PENDING
MOTILALOFS,0.471,46.31,809.35,57.0,1125.4,826.1650268554688,2.650765813345979,3.256679054508105,2.6977980024704085,PENDING,PENDING
MPHASIS,0.482,33.41,2588.2,29.9,1664.9,2818.23,-3.7163849133251325,-8.663584861850794,-8.615210938727703,PENDING,PENDING
MCX,0.526,59.99,2372.8,51.9,12159.6,2248.7759985351563,-6.703888519900014,-8.49209221642403,6.165550283137589,PENDING,PENDING
MUTHOOTFIN,0.508,58.52,3933.2,50.8,2379.5,3823.7039990234375,5.682886927340913,-0.5637731975255966,0.6190829156274003,PENDING,PENDING
NATCOPHARM,0.501,51.77,850.8,53.5,368.8,881.755,1.1532531790021672,3.9462416362820774,-0.8218205972615911,PENDING,PENDING
NBCC,0.516,45.19,101.68,58.2,1097.0,108.5461996459961,-2.5586949765097233,2.1601542773515225,-5.45792894469479,PENDING,PENDING
NCC,0.491,44.85,155.8,66.5,409.3,155.35679962158204,0.4189553212017083,5.156586933591112,4.951166220689274,PENDING,PENDING
NHPC,0.46,41.27,77.58,60.5,1335.2,77.24189117431641,0.6389445296306695,0.11592242905043015,-4.611784160340093,PENDING,PENDING
NLCINDIA,0.511,53.58,256.8,55.0,428.6,249.11099822998048,-2.8560688996505657,2.270004600120701,1.7810364794458744,PENDING,PENDING
NMDC,0.501,59.13,85.46,65.7,2583.3,80.59640029907227,-0.48905237817599145,4.833172968170585,4.5254364622901555,PENDING,PENDING
NSLNISP,0.469,38.59,41.93,61.5,178.3,41.85060005187988,1.47628415986647,-2.1698560241064646,-0.35646748895388214,PENDING,PENDING
NTPCGREEN,0.514,43.88,88.99,49.2,349.6,91.11499969482422,1.6099520475402418,-4.894733190116729,-1.4616318575003895,PENDING,PENDING
NTPC,0.426,55.24,368.45,74.5,4080.8,336.3375311279297,1.084204337721606,6.660460236426835,10.010884119436492,PENDING,PENDING
NH,0.495,45.63,1864.6,56.6,514.4,1855.5499951171876,5.895043382517784,5.846957392568108,-0.4325292784286727,PENDING,PENDING
NATIONALUM,0.452,68.88,367.7,53.3,6633.2,325.4541729736328,-0.6922975418100386,-8.333229357848404,6.35754276243925,PENDING,PENDING
NAVA,0.474,46.14,570.0,61.7,152.3,561.1240026855469,-1.3414106447425356,2.095649733628502,0.26385224274405594,PENDING,PENDING
NAVINFLUOR,0.47,57.03,6432.0,67.8,1865.2,5972.56,1.539190149183045,7.738693467336688,12.87180837062385,PENDING,PENDING
NESTLEIND,0.458,54.39,1305.3,58.8,1525.6,1273.7915209960938,0.7019364253820548,1.5434521771789278,-0.004002451595119805,PENDING,PENDING
NETWEB,0.444,41.62,3153.1,53.0,4240.9,3189.810009765625,-2.1596752589491452,0.5324638385564517,-5.776351013879621,PENDING,PENDING
NEULANDLAB,0.539,46.88,13190.0,50.6,583.4,14737.46,-2.5273425953295847,2.6379270095712393,-10.302618157089427,PENDING,PENDING
NEWGEN,0.486,28.43,533.95,27.0,689.5,751.4850061035156,-4.736839927380688,-11.000916519229055,-32.01553404516664,PENDING,PENDING
NAM-INDIA,0.435,60.74,950.25,71.5,868.7,871.1449987792969,2.5744791620684992,13.829661463251352,10.301799187463722,PENDING,PENDING
NIVABUPA,0.435,44.45,77.54,52.9,81.6,76.57440017700195,-1.0716973300914368,0.6882207045771915,-0.6024884089636973,PENDING,PENDING
NUVAMA,0.527,47.25,1324.2,46.1,667.7,1419.3859985351562,-4.863860338725601,0.12854073133270472,-7.047594141139024,PENDING,PENDING
NUVOCO,0.48,52.56,356.8,57.9,100.6,351.7980004882813,2.278911151027496,1.4356752787402227,2.3082402273745473,PENDING,PENDING
OBEROIRLTY,0.449,34.82,1577.3,64.8,1285.9,1614.89111328125,2.0906180471278235,6.344397300033733,-4.715600826534838,PENDING,PENDING
ONGC,0.449,62.89,274.6,70.1,4980.8,245.3402005004883,2.8657027708062,2.241425211193171,16.499087133308564,PENDING,PENDING
OIL,0.429,65.93,479.25,63.8,3387.7,435.93199890136725,-5.492014547093205,-2.2935779816513735,12.60573146783166,PENDING,PENDING
OLAELEC,0.453,35.92,31.42,39.3,1838.6,35.46100044250488,-2.2706109329337143,-2.0573619610016247,-20.19303802711643,PENDING,PENDING
OLECTRA,0.485,49.87,1051.7,55.3,444.6,1141.689998779297,-1.1745912961408478,-3.371928741176289,-7.453367777412678,PENDING,PENDING
PAYTM,0.498,38.44,1160.0,39.2,4671.6,1273.2080029296876,-3.854123497720685,-1.4443500424808797,-8.481262327416172,PENDING,PENDING
ONESOURCE,0.472,29.65,1191.6,23.3,614.2,1574.317998046875,-1.8208763677216244,3.1598996425815873,-31.438436387460445,PENDING,PENDING
OFSS,0.485,36.43,7217.5,34.5,1138.0,7767.36,-3.990688393747921,-9.921996879875195,-4.8325421940928255,PENDING,PENDING
POLICYBZR,0.528,43.42,1554.6,41.7,5366.6,1746.1640112304688,7.965827434342176,-5.958502295971957,-8.055362509398211,PENDING,PENDING
PCBL,0.425,58.92,319.05,65.6,1671.1,293.1260021972656,12.85814432838337,18.18854356942259,14.37532670053303,PENDING,PENDING
PGEL,0.444,59.3,617.75,75.4,1600.9,573.1719989013671,4.464365520249514,14.3875592932738,3.72764883923542,PENDING,PENDING
PIIND,0.441,30.02,3281.1,62.7,697.5,3242.1639990234376,3.9605841428421718,1.8722071508308957,0.758512346555551,PENDING,PENDING
PNBHOUSING,0.467,39.23,854.9,36.2,1262.3,912.2599987792969,0.5646452142074931,1.1057934783369694,-12.555617750182947,PENDING,PENDING
PTCIL,0.494,53.8,18342.0,55.9,230.0,18049.52,3.5335290133212904,2.297824874512,3.3643279797126002,PENDING,PENDING
PVRINOX,0.45,66.31,1108.75,74.6,426.7,1027.267001953125,9.24183325925565,18.608259999844613,10.400280143044572,PENDING,PENDING
PAGEIND,0.497,43.16,34360.0,62.8,1037.3,35175.054296875,0.17307898610652295,5.732277664546781,0.5967994422674483,PENDING,PENDING
PATANJALI,0.461,39.05,521.75,61.4,1669.0,535.5249975585938,2.223747303926804,3.1636183885318747,-5.385803164309467,PENDING,PENDING
PERSISTENT,0.492,39.41,5724.0,31.7,3736.9,6233.7275390625,-4.376879385232213,-7.8705939159826155,-9.184525949155276,PENDING,PENDING
PETRONET,0.428,48.89,303.9,78.7,721.6,282.69800048828125,1.8090431814018038,4.558747730343682,6.147400228407496,PENDING,PENDING
PFIZER,0.468,42.27,5197.8,70.2,314.7,4871.04599609375,9.577312210129652,10.62207820522174,7.753223913574692,PENDING,PENDING
PHOENIXLTD,0.484,50.04,1784.0,55.6,984.8,1792.7739965820313,3.775232699421216,3.348398242560835,-6.3123597444639135,PENDING,PENDING
PIDILITIND,0.463,40.47,1480.1,65.3,1059.8,1467.60400390625,1.3558807160009234,1.3281320642544392,-1.379269227659663,PENDING,PENDING
PPLPHARMA,0.479,39.12,164.36,67.1,536.3,168.33780029296875,1.3566828432159506,6.754997040116173,-2.00917856258801,PENDING,PENDING
POLYMED,0.578,34.5,1387.6,37.8,396.6,1706.3820043945314,-8.542049812606134,-8.336640848960375,-20.80360738993241,PENDING,PENDING
POLYCAB,0.435,43.26,7814.0,75.0,3537.9,7385.97,2.4115334207077233,12.788683602771368,2.424957399397032,PENDING,PENDING
POONAWALLA,0.47,65.87,489.3,63.8,994.2,452.9750000000001,16.44454392635575,20.428255597756227,8.61264989855024,PENDING,PENDING
PFC,0.432,55.75,415.85,80.0,3855.3,366.5739996337891,0.30149541283119863,8.562855855845797,11.847772930825219,PENDING,PENDING
POWERGRID,0.421,63.79,294.45,84.8,5010.5,263.65639129638674,2.8872072308782526,14.60953740976696,15.163638010785618,PENDING,PENDING
PRAJIND,0.482,55.8,330.1,63.5,1065.1,311.23900024414064,13.965134838389591,14.917321532990634,8.211774893611157,PENDING,PENDING
PREMIERENE,0.477,40.73,780.65,61.9,1725.1,814.3770031738281,-0.13432106646694697,9.174188901613856,4.700918719931635,PENDING,PENDING
PRESTIGE,0.428,37.89,1597.5,77.1,1228.5,1565.8299926757813,4.173459406586244,12.341772151898734,6.1391286899789455,PENDING,PENDING
PGHH,0.459,44.13,11869.0,55.1,84.6,12299.324296875,0.4655493482309092,0.6331418156689361,-3.7041462218443844,PENDING,PENDING
PNB,0.471,46.56,122.91,47.2,2741.7,122.64039993286133,-0.5984616697434109,-1.2771054922816272,-0.20298797707564153,PENDING,PENDING
RRKABEL,0.521,49.86,1436.2,52.6,256.4,1441.02798828125,-1.4681685491562901,6.543023083966992,-4.84331115691724,PENDING,PENDING
RBLBANK,0.433,40.44,308.8,62.5,1772.2,305.047001953125,0.9810333942953164,3.8506747786872575,1.2791059280271577,PENDING,PENDING
RECLTD,0.535,47.77,353.95,51.4,4071.3,356.17335021972656,-6.115559878495047,-5.095883299912741,-3.3028279558740326,PENDING,PENDING
RHIM,0.467,49.99,460.45,61.4,105.9,446.733998413086,3.39059299350406,8.712082511521446,3.4022063394050894,PENDING,PENDING
RITES,0.465,48.67,226.15,59.7,143.7,228.42301147460938,1.0975393971623726,0.3589868357499304,-1.4069482283843637,PENDING,PENDING
RADICO,0.493,43.43,2814.9,49.1,1491.4,3042.629990234375,2.22988568526421,2.479243203183956,-4.443619536785892,PENDING,PENDING
RVNL,0.483,44.73,316.55,50.3,2945.0,329.67164123535156,-1.0766287979105837,-7.286420303062913,-4.253274660940221,PENDING,PENDING
RAILTEL,0.468,43.21,339.4,55.5,590.5,343.3709991455078,1.373956472889759,-2.176111268167835,-1.2079738157304898,PENDING,PENDING
RAINBOW,0.517,52.56,1220.0,53.0,229.1,1273.2580004882811,8.676289553919236,2.6763213377312356,-4.148338058027134,PENDING,PENDING
RKFORGE,0.418,63.0,575.7,77.4,209.6,519.0050030517579,2.6386142180024663,12.309800941556027,14.146922819481711,PENDING,PENDING
RCF,0.431,36.23,135.88,65.1,141.2,138.3048011779785,-0.3958314714709754,0.5178371393392389,-0.5998479032447657,PENDING,PENDING
REDINGTON,0.504,47.31,269.05,52.7,444.8,271.58799835205076,-4.92933293534673,3.4608730715131264,-0.03715627188685122,PENDING,PENDING
RELIANCE,0.459,39.24,1468.7,69.2,18718.3,1493.8140014648438,0.8168521378978832,5.155008413910922,-0.9776159976639387,PENDING,PENDING
RELINFRA,0.524,28.64,114.81,26.4,127.0,147.3717988586426,-13.45545425204444,-14.34646127330752,-22.692073392199173,PENDING,PENDING
RPOWER,0.529,44.57,27.86,43.0,1524.7,33.07639999389649,-3.731858686163725,-5.238091932518552,-16.61179066868641,PENDING,PENDING
SBFC,0.525,47.18,97.36,46.1,400.4,101.01579956054688,8.021750335357325,9.577942917702064,-2.10155495427351,PENDING,PENDING
SBICARD,0.475,49.38,768.85,44.4,1067.4,832.7069995117188,2.554350149005735,-1.731856902518969,-10.15483779305434,PENDING,PENDING
SBILIFE,0.462,44.66,2026.3,45.0,2412.0,2032.592001953125,-0.7542686345714422,-1.310145284603026,-3.417538187410629,PENDING,PENDING
SJVN,0.432,28.11,77.38,64.1,436.0,74.91459976196289,4.5958282538597794,4.257607088038395,-3.9115876985319487,PENDING,PENDING
SRF,0.431,23.21,2949.1,76.4,1314.2,2953.2054345703127,0.9758268522578994,4.689389338170047,-3.0024985891434874,PENDING,PENDING
SAGILITY,0.523,48.51,50.07,44.2,1639.4,50.79880004882813,4.073995135329378,-3.152806661627139,-1.0474284491686858,PENDING,PENDING
SAILIFE,0.448,74.56,948.7,68.4,608.6,883.7699975585938,17.12345829716435,11.927800794378784,6.20172676268993,PENDING,PENDING
SAMMAANCAP,0.428,44.12,148.35,65.4,1447.8,144.900400390625,-1.2514076266320617,4.597055762734503,3.79207563525803,PENDING,PENDING
MOTHERSON,0.433,45.67,130.17,77.4,2257.7,117.75360000610351,6.157229859117508,16.817731142821412,13.201148436544695,PENDING,PENDING
SAPPHIRE,0.457,50.31,223.94,62.1,187.8,225.49300048828124,10.434956006257634,17.956278768462663,0.8511593621585822,PENDING,PENDING
SARDAEN,0.485,44.24,502.6,68.7,189.0,498.81999938964844,-3.5964266539667666,4.209002451656874,1.9886401285106992,PENDING,PENDING
SAREGAMA,0.459,37.02,365.4,70.4,134.4,352.11699829101565,11.82861328125,9.630965280279202,-0.3137345341105213,PENDING,PENDING
SCHAEFFLER,0.501,43.44,3814.4,65.9,187.4,3797.8080029296875,-0.7597095059474479,4.779694667280254,1.2072488306655416,PENDING,PENDING
SCHNEIDER,0.429,65.32,794.85,84.4,423.7,700.9380017089844,5.5367390055277355,13.924317282379306,24.04993766460204,PENDING,PENDING
SCI,0.446,75.19,267.04,81.3,1963.9,222.78399932861328,18.143613673894897,21.23854317840457,23.807318615736595,PENDING,PENDING
SHREECEM,0.48,48.37,26805.0,42.0,842.1,26764.3,-1.9926873857403993,-2.4563318777292564,-1.325234676974052,PENDING,PENDING
SHRIRAMFIN,0.473,71.68,1056.8,64.4,6683.2,955.0769995117188,5.806974543854171,3.729884323759758,8.634874803579162,PENDING,PENDING
SHYAMMETL,0.477,63.14,905.15,73.4,168.7,825.4990014648438,5.6307618888204125,8.245636354996865,12.357255690793579,PENDING,PENDING
ENRIN,0.416,37.2,2666.0,72.6,1376.3,2636.45423828125,2.3573638962465226,13.29732421692622,11.08679123516012,PENDING,PENDING
SIEMENS,0.495,43.33,3151.6,68.0,1041.0,3105.176005859375,-4.221240004368632,5.7300069119119,3.5416271469483895,PENDING,PENDING
SIGNATURE,0.481,49.05,983.55,66.1,663.4,1024.2950024414063,11.48832171656704,19.945120462557163,-2.3868587113634376,PENDING,PENDING
SOBHA,0.416,41.84,1549.0,76.4,223.7,1479.8719970703125,3.2942134714799787,9.38493232860007,-0.5265830611993039,PENDING,PENDING
SOLARINDS,0.437,56.16,13445.0,59.6,2148.9,12790.44,-0.9357500736811075,-3.3845932739292928,1.9255553028580064,PENDING,PENDING
SONACOMS,0.497,64.42,538.0,79.7,1395.9,484.30658447265625,0.9665055175050785,9.238612524851696,18.14555831218947,PENDING,PENDING
SONATSOFTW,0.456,45.02,314.95,53.3,178.5,340.62500061035155,-0.20595496955446713,0.9455167330228331,-9.575072281013375,PENDING,PENDING
STARHEALTH,0.448,49.37,480.4,74.5,320.6,455.73800048828133,2.256280625572682,9.045512928771803,8.064336314909815,PENDING,PENDING
SBIN,0.47,54.35,1182.9,75.1,13931.3,1013.5159985351562,10.737696918667261,11.227082690555946,16.52465113191759,PENDING,PENDING
SAIL,0.43,69.15,162.12,68.6,4030.2,143.63879959106444,3.0707623098872094,4.096564401561853,8.644949598549267,PENDING,PENDING
SUMICHEM,0.504,39.39,425.75,53.9,189.9,442.6440020751953,-0.711284486892616,6.013444603947415,-2.807895933279203,PENDING,PENDING
SUNPHARMA,0.425,25.76,1711.1,74.0,5253.4,1711.865107421875,1.0452315410825364,6.930026527052413,-0.7940675163340516,PENDING,PENDING
SUNTV,0.5,80.82,610.65,69.1,217.1,557.7475744628906,12.929376205355148,13.472761757773078,9.824475397126054,PENDING,PENDING
SUNDARMFIN,0.449,53.24,5362.0,67.1,459.1,5078.271181640625,-0.5515527590316482,2.60749217412235,2.275779370915121,PENDING,PENDING
SUNDRMFAST,0.488,50.79,945.55,53.1,72.0,935.1590002441407,-0.5103152879319173,3.8951778000222204,1.6337950885050745,PENDING,PENDING
SUPREMEIND,0.417,53.1,3849.4,83.3,1127.5,3457.5599951171876,2.897618346531683,9.578980595931363,10.02372184143454,PENDING,PENDING
SUZLON,0.503,49.21,47.38,57.7,2869.5,50.40499969482422,-4.80208834170428,-0.8786572712320861,-3.699186314231029,PENDING,PENDING
SWANCORP,0.463,40.23,424.45,64.3,441.3,441.84100158691405,-0.15290376079788448,-0.15290376079788448,0.21249544091650474,PENDING,PENDING
SWIGGY,0.489,49.2,342.3,53.1,4698.6,364.83799865722654,6.602298750071878,5.811433629974894,-2.0881058876141334,PENDING,PENDING
SYNGENE,0.484,20.48,455.1,11.2,735.2,596.6409991455079,-3.7029199691053116,-5.2467171205333285,-28.195011854090723,PENDING,PENDING
SYRMA,0.483,74.42,890.4,96.1,1451.3,743.7560021972656,4.728300591607404,23.1705622275729,27.036666200492434,PENDING,PENDING
TBOTEK,0.468,47.67,1538.2,60.9,125.0,1576.1140014648438,5.914748981318518,8.461430272990956,2.396485233002177,PENDING,PENDING
TVSMOTOR,0.446,41.73,3865.1,71.5,3013.9,3689.685986328125,3.694269434999864,3.6664574319553944,2.937574501804696,PENDING,PENDING
TATACHEM,0.467,47.55,709.6,55.0,314.9,747.7810021972656,-1.0941579883656738,-2.433660457047837,-5.449703452906396,PENDING,PENDING
TATACOMM,0.467,45.43,1703.3,62.0,666.7,1728.9359985351562,9.03214070326943,11.37047349536211,-1.9570597504405929,PENDING,PENDING
TCS,0.485,41.68,2909.8,34.0,10785.9,3147.7874951171875,-2.9775614657847393,-9.071592761762059,-8.547448276560587,PENDING,PENDING
TATACONSUM,0.453,43.74,1152.6,47.8,1789.8,1167.28,-0.034694224983733424,1.8377739760083056,-3.329704907854991,PENDING,PENDING
TATAELXSI,0.488,44.44,5250.5,45.5,1527.7,5333.06,-4.7096188747731365,-2.606195511036913,-7.780802669711074,PENDING,PENDING
TATAINVEST,0.466,40.84,659.2,61.2,292.7,676.65,3.4607214860026714,5.64949103459651,-1.1249437322150557,PENDING,PENDING
TATAPOWER,0.484,48.06,375.65,68.3,1285.3,372.62300170898436,1.1034870779756734,5.802001636887133,1.362651837506501,PENDING,PENDING
TATASTEEL,0.477,63.83,207.59,70.7,7040.2,181.31760009765625,6.238486602954585,7.087949343183375,13.288577884066344,PENDING,PENDING
TATATECH,0.486,42.84,627.95,43.1,709.0,652.4630017089844,-3.4442937218110647,-4.949672443595721,-3.7993087388692115,PENDING,PENDING
TTML,0.456,44.73,45.44,59.0,168.2,47.466800155639646,1.0676146619453375,3.815394451633125,-1.4316699983897174,PENDING,PENDING
TECHM,0.477,46.3,1634.4,40.2,4210.0,1626.82,-0.662494626547061,-7.289125771196792,3.0452083457275014,PENDING,PENDING
TECHNOE,0.406,53.44,1114.1,81.8,169.0,1044.9090100097656,4.930536904726868,18.20689396137267,11.409997558593755,PENDING,PENDING
TEJASNET,0.476,41.82,339.05,53.4,1294.1,409.3199987792969,-2.8649191662287854,0.0,-10.209220785864803,PENDING,PENDING
NIACL,0.471,39.55,156.81,71.2,71.1,153.84919982910156,5.086447041817599,6.182289636793681,4.672585350828906,PENDING,PENDING
RAMCOCEM,0.487,65.41,1151.4,63.2,345.2,1073.1960107421876,-0.22530117729094856,7.93025606615505,5.266042513679614,PENDING,PENDING
THERMAX,0.481,42.21,2931.6,50.2,297.9,2926.357998046875,-0.620353411753416,2.1321139003150247,-3.03631036755464,PENDING,PENDING
TIMKEN,0.457,59.7,3193.6,59.7,155.1,3061.8060107421875,-1.6990873658656258,6.991865795855601,8.419337037547226,PENDING,PENDING
TITAGARH,0.488,46.44,795.3,55.8,510.3,809.9699938964844,0.13219865193185854,-2.5785494484592886,-0.3445899432446886,PENDING,PENDING
TITAN,0.435,35.82,4249.1,63.3,4342.4,4027.266005859375,2.536199267766648,6.890223129622197,0.41355514689804806,PENDING,PENDING
TORNTPHARM,0.461,55.81,4056.7,55.8,1118.1,3901.17,0.8251510170715903,2.4755601891724544,2.7064636442917234,PENDING,PENDING
TORNTPOWER,0.461,42.09,1428.6,64.0,823.4,1331.2279907226562,1.4991101659635797,7.17982965106061,5.73606701209437,PENDING,PENDING
TARIL,0.452,54.92,286.78,67.8,1497.8,269.4287991333008,12.084733094342969,18.528622606531677,4.5497672408748135,PENDING,PENDING
TRENT,0.426,42.18,4218.9,76.1,4061.7,4057.4059814453126,5.141299896991969,9.184780081359989,4.006015282322362,PENDING,PENDING
TRIDENT,0.466,42.57,26.92,60.6,318.0,26.779400100708006,-8.028699503646253,2.4743037959794822,5.692975272987888,PENDING,PENDING
TRIVENI,0.431,57.91,392.5,76.4,91.5,362.89437072753907,4.558491853277125,9.909627825796852,13.518925705150743,PENDING,PENDING
TRITURBINE,0.52,43.32,487.4,55.7,368.6,515.4865161132813,-3.822587613148065,2.0194078755105815,-4.80437094240026,PENDING,PENDING
TIINDIA,0.501,45.89,2450.2,58.3,1662.1,2498.150927734375,-7.019211669678316,7.522926520818163,1.809075679627048,PENDING,PENDING
UCOBANK,0.476,48.12,29.01,53.1,200.8,29.08640007019043,0.9394588027624495,-0.37774933784807674,0.3459023936268846,PENDING,PENDING
UNOMINDA,0.454,49.59,1245.8,65.6,1126.0,1231.2155737304688,3.47869968558705,8.54182413887099,3.034000553655636,PENDING,PENDING
UPL,0.439,22.41,749.0,72.1,2500.8,755.9050012207031,-1.2785042903603272,4.7405992968025945,-3.2112135904794448,PENDING,PENDING
UTIAMC,0.457,52.52,1099.75,61.8,105.1,1089.4839916992187,3.4717999023069934,10.884252221786173,3.5936346355891713,PENDING,PENDING
ULTRACEMCO,0.417,44.07,12969.0,74.1,3603.5,12071.92,1.2728408558488225,1.5822041199968773,7.199537113572485,PENDING,PENDING
UNIONBANK,0.434,65.47,180.33,60.5,3641.2,163.85699920654298,2.3962303140524055,-0.8794541357333596,9.970732119472657,PENDING,PENDING
UBL,0.447,35.67,1627.4,79.5,233.1,1569.4859985351563,7.426232634956431,14.003504337237294,7.263384971576725,PENDING,PENDING
UNITDSPR,0.433,35.27,1412.9,76.2,1222.3,1384.2117504882813,4.035052633329306,6.497329947592667,6.6332371333700735,PENDING,PENDING
USHAMART,0.478,48.79,421.15,53.0,156.5,434.14099975585947,-0.08303822147464057,1.4330398638057407,-3.6380263907057397,PENDING,PENDING
VGUARD,0.439,50.97,341.7,69.2,115.5,328.1890014648437,-0.2190100666565553,7.622051088828741,8.579599285886763,PENDING,PENDING
DBREALTY,0.45,73.23,129.12,71.9,409.2,115.21139953613282,1.1040607961967153,26.675164064167145,16.76613581039583,PENDING,PENDING
VTL,0.43,69.77,478.8,67.4,431.6,439.3740002441407,-2.6037465727475007,15.946234081456767,13.702203954675142,PENDING,PENDING
VBL,0.475,34.65,456.9,38.1,3106.2,478.595,2.697235370785833,-2.4551665563303793,-7.47265994505354,PENDING,PENDING
MANYAVAR,0.464,44.61,489.8,51.8,66.4,546.6000024414062,1.5761043951766807,0.8960707542597257,-9.547555347558855,PENDING,PENDING
VEDL,0.486,71.68,701.15,54.1,14921.7,621.2490051269531,1.9409765713912952,-4.8772150810746595,11.763776472485965,PENDING,PENDING
VENTIVE,0.405,35.19,774.05,73.2,81.2,739.6919982910156,0.23957207416380744,3.9481585194387048,3.794835775121519,PENDING,PENDING
VIJAYA,0.478,50.66,1014.5,57.5,99.8,1003.105,3.5204081632653095,6.13034565218864,2.1445819101066244,PENDING,PENDING
VMM,0.492,49.19,125.48,55.4,1111.7,129.8986001586914,3.9688464815905933,4.688805871820323,-2.1522161712458687,PENDING,PENDING
IDEA,0.422,53.22,11.85,72.0,5685.4,11.096600093841552,4.405286195552138,19.095483503782273,5.333336724175353,PENDING,PENDING
VOLTAS,0.462,57.06,1506.5,79.8,1040.3,1391.2240014648437,6.1289186333215895,9.731223920908327,2.60863983802444,PENDING,PENDING
WAAREEENER,0.458,65.69,3177.6,91.5,5860.5,2854.7740185546877,2.318392508241396,15.565899941770645,23.310963486247527,PENDING,PENDING
WELCORP,0.394,63.5,838.85,69.4,562.2,788.457998046875,2.8380486738341038,12.130731581553844,13.151683174055462,PENDING,PENDING
WELSPUNLIV,0.523,66.43,140.22,66.1,806.5,131.44420074462892,-3.0692674747727855,10.863375631794137,15.44541600332412,PENDING,PENDING
WHIRLPOOL,0.47,53.28,915.9,79.0,410.1,873.2799963378907,15.156855790347535,16.69746485374968,10.622623456769631,PENDING,PENDING
WIPRO,0.458,44.19,229.81,44.7,3590.9,249.0431979370117,-1.5128134202013421,-3.1767467246802794,-10.397900689446093,PENDING,PENDING
WOCKPHARMA,0.466,52.76,1402.1,59.2,716.2,1393.0519921875,-0.45438582989438814,3.346357046364412,0.5954890563241833,PENDING,PENDING
YESBANK,0.448,43.79,21.32,44.2,2262.0,21.94940002441406,-1.0672832964225165,-0.7448782626717443,-7.1428547693520255,PENDING,PENDING
ZFCVINDIA,0.433,40.07,15950.0,79.2,215.5,14649.98,4.064722385333064,12.05564142194746,14.23046623218507,PENDING,PENDING
ZEEL,0.455,54.88,92.85,66.6,686.4,89.96999984741211,9.480015501677919,10.443676473377472,3.246967818343549,PENDING,PENDING
ZENTEC,0.465,46.12,1343.0,55.4,770.7,1344.1259887695312,-0.14869888475836923,-1.4528946374158913,6.031898459394758,PENDING,PENDING
ZENSARTECH,0.55,29.88,613.7,29.5,316.5,702.0623767089844,-5.8453476986009445,-10.513273766062891,-13.534895408024628,PENDING,PENDING
ZYDUSLIFE,0.467,48.25,898.3,56.5,671.2,906.972998046875,-0.7677450656759177,0.15608912262219388,0.36310821119767134,PENDING,PENDING
ECLERX,0.578,47.54,3891.9,41.9,626.7,4568.912001953125,-14.106953753750261,-12.001724501500933,-15.327212926811884,PENDING,PENDING
